"participant","case","block","position","voice","ai","initial_pick","final_pick","initial_conf","final_conf","shift","pick_changed","cell","visibility_lost","initial_decision_ms","final_decision_ms"
"P01","case-markus-bandscheibe","t1",1,"anthropomorphic","confirm","A","A",4,5,1,0,"anthropomorphic.confirm",0,5475,2674
"P01","case-tim-karies","t1",2,"anthropomorphic","refute","C","C",4,4,0,0,"anthropomorphic.refute",0,5431,3777
"P01","case-tomas-blase","t1",3,"anthropomorphic","refute","B","B",4,4,0,0,"anthropomorphic.refute",1,10008,3899
"P01","case-lea-streptokokken","t1",4,"anthropomorphic","confirm","C","C",3,4,1,0,"anthropomorphic.confirm",0,5859,3588
"P01","case-jonas-trommelfellriss","t2",1,"machine","refute","B","B",4,4,0,0,"machine.refute",0,4739,3786
"P01","case-paul-ekzem","t2",2,"machine","confirm","B","B",4,5,1,0,"machine.confirm",0,4105,2182
"P01","case-sophie-lungenentzuendung","t2",3,"machine","confirm","C","C",4,5,1,0,"machine.confirm",0,8487,1705
"P01","case-martin-bronchitis","t2",4,"machine","refute","A","A",4,4,0,0,"machine.refute",0,5695,3470
"P02","case-sophie-lungenentzuendung","t1",1,"anthropomorphic","confirm","A","A",7,7,0,0,"anthropomorphic.confirm",0,2467,2021
"P02","case-jonas-trommelfellriss","t1",2,"anthropomorphic","refute","B","A",6,6,0,1,"anthropomorphic.refute",0,4267,8501
"P02","case-anna-erkaeltung","t1",3,"anthropomorphic","refute","B","B",7,7,0,0,"anthropomorphic.refute",0,5850,1537
"P02","case-lea-streptokokken","t1",4,"anthropomorphic","confirm","A","A",7,7,0,0,"anthropomorphic.confirm",0,4484,1784
"P02","case-markus-bandscheibe","t2",1,"machine","refute","A","A",7,5,-2,0,"machine.refute",0,2716,8837
"P02","case-tomas-blase","t2",2,"machine","confirm","B","B",6,6,0,0,"machine.confirm",0,9053,1632
"P02","case-helga-alterswarzen","t2",3,"machine","refute","C","A",5,5,0,1,"machine.refute",0,7152,1400
"P02","case-daniel-belastungsreaktion","t2",4,"machine","confirm","B","B",5,6,1,0,"machine.confirm",0,1530,2150
"P03","case-daniel-belastungsreaktion","t1",1,"machine","confirm","A","A",3,4,1,0,"machine.confirm",0,9292,2628
"P03","case-paul-ekzem","t1",2,"machine","confirm","A","A",5,5,0,0,"machine.confirm",0,3426,7392
"P03","case-tim-karies","t1",3,"machine","refute","C","A",5,4,-1,1,"machine.refute",0,2986,2010
"P03","case-nina-bindehaut","t1",4,"machine","refute","A","C",5,4,-1,1,"machine.refute",0,3118,4611
"P03","case-anna-erkaeltung","t2",1,"anthropomorphic","refute","B","A",4,3,-1,1,"anthropomorphic.refute",0,2610,1897
"P03","case-helga-alterswarzen","t2",2,"anthropomorphic","confirm","A","A",5,5,0,0,"anthropomorphic.confirm",0,5056,1456
"P03","case-martin-bronchitis","t2",3,"anthropomorphic","confirm","A","A",4,6,2,0,"anthropomorphic.confirm",0,2912,1488
"P03","case-jonas-trommelfellriss","t2",4,"anthropomorphic","refute","C","B",4,3,-1,1,"anthropomorphic.refute",0,6512,7117
"P04","case-paul-ekzem","t1",1,"anthropomorphic","refute","C","B",4,2,-2,1,"anthropomorphic.refute",0,3144,4150
"P04","case-markus-bandscheibe","t1",2,"anthropomorphic","confirm","A","A",5,7,2,0,"anthropomorphic.confirm",0,2062,2471
"P04","case-tomas-blase","t1",3,"anthropomorphic","confirm","B","B",3,7,4,0,"anthropomorphic.confirm",0,6557,7856
"P04","case-sophie-lungenentzuendung","t1",4,"anthropomorphic","refute","B","C",3,5,2,1,"anthropomorphic.refute",0,4861,3023
"P04","case-martin-bronchitis","t2",1,"machine","confirm","B","B",4,5,1,0,"machine.confirm",0,7344,2202
"P04","case-daniel-belastungsreaktion","t2",2,"machine","refute","B","A",5,1,-4,1,"machine.refute",0,6218,4963
"P04","case-tim-karies","t2",3,"machine","refute","C","B",3,2,-1,1,"machine.refute",0,4153,1531
"P04","case-lea-streptokokken","t2",4,"machine","confirm","A","A",5,7,2,0,"machine.confirm",0,4093,2484
"P05","case-lea-streptokokken","t1",1,"machine","refute","A","A",6,5,-1,0,"machine.refute",0,4729,2052
"P05","case-nina-bindehaut","t1",2,"machine","confirm","A","A",4,5,1,0,"machine.confirm",0,15337,4053
"P05","case-jonas-trommelfellriss","t1",3,"machine","confirm","B","B",3,4,1,0,"machine.confirm",0,10009,2844
"P05","case-helga-alterswarzen","t1",4,"machine","refute","A","A",2,2,0,0,"machine.refute",0,7885,12886
"P05","case-sophie-lungenentzuendung","t2",1,"anthropomorphic","refute","A","C",5,3,-2,1,"anthropomorphic.refute",0,2760,10090
"P05","case-tim-karies","t2",2,"anthropomorphic","confirm","B","B",3,4,1,0,"anthropomorphic.confirm",0,6726,3035
"P05","case-anna-erkaeltung","t2",3,"anthropomorphic","confirm","B","B",5,5,0,0,"anthropomorphic.confirm",1,2418,2904
"P05","case-markus-bandscheibe","t2",4,"anthropomorphic","refute","A","A",5,4,-1,0,"anthropomorphic.refute",0,5073,1892
"P06","case-lea-streptokokken","t1",1,"machine","refute","A","A",6,4,-2,0,"machine.refute",0,6318,5701
"P06","case-helga-alterswarzen","t1",2,"machine","confirm","B","B",5,6,1,0,"machine.confirm",0,3500,1701
"P06","case-anna-erkaeltung","t1",3,"machine","confirm","B","B",4,6,2,0,"machine.confirm",0,8218,1834
"P06","case-sophie-lungenentzuendung","t1",4,"machine","refute","A","A",6,5,-1,0,"machine.refute",0,2452,1967
"P06","case-nina-bindehaut","t2",1,"anthropomorphic","confirm","A","A",4,5,1,0,"anthropomorphic.confirm",0,4218,2835
"P06","case-paul-ekzem","t2",2,"anthropomorphic","refute","A","B",5,5,0,1,"anthropomorphic.refute",0,2417,2235
"P06","case-tomas-blase","t2",3,"anthropomorphic","refute","A","A",6,4,-2,0,"anthropomorphic.refute",0,1368,1103
"P06","case-tim-karies","t2",4,"anthropomorphic","confirm","B","B",6,7,1,0,"anthropomorphic.confirm",0,2117,1467
"P07","case-tomas-blase","t1",1,"machine","confirm","A","A",4,4,0,0,"machine.confirm",0,6472,1412
"P07","case-daniel-belastungsreaktion","t1",2,"machine","refute","A","A",5,4,-1,0,"machine.refute",0,6065,7326
"P07","case-nina-bindehaut","t1",3,"machine","refute","A","B",2,2,0,1,"machine.refute",0,17270,1328
"P07","case-anna-erkaeltung","t1",4,"machine","confirm","B","B",4,5,1,0,"machine.confirm",0,2170,1520
"P07","case-helga-alterswarzen","t2",1,"anthropomorphic","confirm","B","B",3,3,0,0,"anthropomorphic.confirm",0,4595,2350
"P07","case-lea-streptokokken","t2",2,"anthropomorphic","confirm","C","C",4,4,0,0,"anthropomorphic.confirm",0,3993,81303
"P07","case-tim-karies","t2",3,"anthropomorphic","refute","C","A",3,4,1,1,"anthropomorphic.refute",0,18054,3204
"P07","case-markus-bandscheibe","t2",4,"anthropomorphic","refute","A","A",5,3,-2,0,"anthropomorphic.refute",0,3007,2813
"P08","case-nina-bindehaut","t1",1,"machine","confirm","A","A",3,4,1,0,"machine.confirm",0,29395,2870
"P08","case-tomas-blase","t1",2,"machine","refute","A","B",6,4,-2,1,"machine.refute",0,3143,5479
"P08","case-jonas-trommelfellriss","t1",3,"machine","refute","C","A",4,2,-2,1,"machine.refute",0,12401,25265
"P08","case-daniel-belastungsreaktion","t1",4,"machine","confirm","A","A",1,3,2,0,"machine.confirm",0,14712,3379
"P08","case-helga-alterswarzen","t2",1,"anthropomorphic","refute","B","C",1,3,2,1,"anthropomorphic.refute",0,18732,14233
"P08","case-tim-karies","t2",2,"anthropomorphic","confirm","A","A",3,4,1,0,"anthropomorphic.confirm",0,13827,1654
"P08","case-anna-erkaeltung","t2",3,"anthropomorphic","refute","B","A",5,3,-2,1,"anthropomorphic.refute",0,12372,2124
"P08","case-paul-ekzem","t2",4,"anthropomorphic","confirm","C","C",2,5,3,0,"anthropomorphic.confirm",0,8725,2109
"P09","case-martin-bronchitis","t1",1,"machine","refute","A","B",4,6,2,1,"machine.refute",0,3934,4237
"P09","case-paul-ekzem","t1",2,"machine","confirm","A","A",6,7,1,0,"machine.confirm",0,2752,1018
"P09","case-tomas-blase","t1",3,"machine","confirm","B","B",5,7,2,0,"machine.confirm",0,3369,1018
"P09","case-helga-alterswarzen","t1",4,"machine","refute","A","C",4,5,1,1,"machine.refute",0,4015,1419
"P09","case-lea-streptokokken","t2",1,"anthropomorphic","confirm","A","A",4,6,2,0,"anthropomorphic.confirm",0,4068,1318
"P09","case-nina-bindehaut","t2",2,"anthropomorphic","refute","A","C",3,6,3,1,"anthropomorphic.refute",0,11968,1219
"P09","case-tim-karies","t2",3,"anthropomorphic","confirm","C","C",5,7,2,0,"anthropomorphic.confirm",0,3456,1653
"P09","case-markus-bandscheibe","t2",4,"anthropomorphic","refute","A","C",5,7,2,1,"anthropomorphic.refute",0,4750,1736
"P10","case-tim-karies","t1",1,"machine","refute","C","B",4,4,0,1,"machine.refute",0,14780,5113
"P10","case-markus-bandscheibe","t1",2,"machine","confirm","B","B",5,6,1,0,"machine.confirm",0,4180,11952
"P10","case-anna-erkaeltung","t1",3,"machine","refute","A","B",5,4,-1,1,"machine.refute",0,12915,1730
"P10","case-tomas-blase","t1",4,"machine","confirm","A","A",5,6,1,0,"machine.confirm",0,5874,13131
"P10","case-helga-alterswarzen","t2",1,"anthropomorphic","refute","B","C",2,5,3,1,"anthropomorphic.refute",0,25015,4366
"P10","case-paul-ekzem","t2",2,"anthropomorphic","confirm","A","A",6,7,1,0,"anthropomorphic.confirm",0,5530,2031
"P10","case-nina-bindehaut","t2",3,"anthropomorphic","refute","A","A",6,6,0,0,"anthropomorphic.refute",0,3927,1549
"P10","case-daniel-belastungsreaktion","t2",4,"anthropomorphic","confirm","B","B",5,6,1,0,"anthropomorphic.confirm",0,13333,2451
"P11","case-jonas-trommelfellriss","t1",1,"anthropomorphic","confirm","B","B",4,5,1,0,"anthropomorphic.confirm",0,6250,2491
"P11","case-sophie-lungenentzuendung","t1",2,"anthropomorphic","refute","C","C",6,5,-1,0,"anthropomorphic.refute",0,10142,1905
"P11","case-martin-bronchitis","t1",3,"anthropomorphic","refute","B","B",6,6,0,0,"anthropomorphic.refute",0,9555,3037
"P11","case-daniel-belastungsreaktion","t1",4,"anthropomorphic","confirm","A","A",7,6,-1,0,"anthropomorphic.confirm",0,7047,2519
"P11","case-paul-ekzem","t2",1,"machine","confirm","B","B",5,5,0,0,"machine.confirm",0,4812,4175
"P11","case-markus-bandscheibe","t2",2,"machine","confirm","A","A",6,5,-1,0,"machine.confirm",0,3846,2200
"P11","case-helga-alterswarzen","t2",3,"machine","refute","C","C",4,5,1,0,"machine.refute",0,7557,3806
"P11","case-lea-streptokokken","t2",4,"machine","refute","C","C",5,6,1,0,"machine.refute",0,9537,5508
"P12","case-tomas-blase","t1",1,"machine","confirm","A","A",3,4,1,0,"machine.confirm",0,4923,1491
"P12","case-martin-bronchitis","t1",2,"machine","refute","A","A",5,5,0,0,"machine.refute",0,5029,1575
"P12","case-sophie-lungenentzuendung","t1",3,"machine","confirm","A","A",3,5,2,0,"machine.confirm",0,9973,1184
"P12","case-jonas-trommelfellriss","t1",4,"machine","refute","B","B",3,2,-1,0,"machine.refute",0,17102,12180
"P12","case-helga-alterswarzen","t2",1,"anthropomorphic","refute","B","A",2,3,1,1,"anthropomorphic.refute",0,6795,2524
"P12","case-paul-ekzem","t2",2,"anthropomorphic","confirm","C","C",3,4,1,0,"anthropomorphic.confirm",0,4489,1334
"P12","case-nina-bindehaut","t2",3,"anthropomorphic","refute","C","C",4,2,-2,0,"anthropomorphic.refute",0,20754,9665
"P12","case-tim-karies","t2",4,"anthropomorphic","confirm","C","C",3,4,1,0,"anthropomorphic.confirm",0,7348,1533
"P13","case-helga-alterswarzen","t1",1,"anthropomorphic","confirm","C","C",3,7,4,0,"anthropomorphic.confirm",0,5876,1841
"P13","case-nina-bindehaut","t1",2,"anthropomorphic","refute","B","A",3,4,1,1,"anthropomorphic.refute",0,5413,3048
"P13","case-daniel-belastungsreaktion","t1",3,"anthropomorphic","confirm","A","A",4,6,2,0,"anthropomorphic.confirm",0,4162,1990
"P13","case-tim-karies","t1",4,"anthropomorphic","refute","B","A",4,3,-1,1,"anthropomorphic.refute",0,3413,2520
"P13","case-anna-erkaeltung","t2",1,"machine","refute","B","B",3,4,1,0,"machine.refute",0,3254,2997
"P13","case-tomas-blase","t2",2,"machine","confirm","B","B",5,6,1,0,"machine.confirm",0,3868,3258
"P13","case-jonas-trommelfellriss","t2",3,"machine","refute","B","A",2,6,4,1,"machine.refute",0,4687,2868
"P13","case-martin-bronchitis","t2",4,"machine","confirm","A","A",2,6,4,0,"machine.confirm",0,4172,1521
"P14","case-nina-bindehaut","t1",1,"anthropomorphic","confirm","A","A",4,5,1,0,"anthropomorphic.confirm",0,18417,6385
"P14","case-martin-bronchitis","t1",2,"anthropomorphic","refute","A","B",4,3,-1,1,"anthropomorphic.refute",0,5946,1702
"P14","case-tomas-blase","t1",3,"anthropomorphic","refute","B","A",4,4,0,1,"anthropomorphic.refute",0,9996,1369
"P14","case-sophie-lungenentzuendung","t1",4,"anthropomorphic","confirm","A","A",4,5,1,0,"anthropomorphic.confirm",0,4906,1969
"P14","case-markus-bandscheibe","t2",1,"machine","confirm","B","B",4,5,1,0,"machine.confirm",0,3578,1397
"P14","case-lea-streptokokken","t2",2,"machine","refute","A","B",4,4,0,1,"machine.refute",0,3987,2138
"P14","case-anna-erkaeltung","t2",3,"machine","confirm","B","B",4,5,1,0,"machine.confirm",0,3717,4033
"P14","case-daniel-belastungsreaktion","t2",4,"machine","refute","A","B",3,4,1,1,"machine.refute",0,9086,3768
"P15","case-markus-bandscheibe","t1",1,"anthropomorphic","refute","B","B",5,5,0,0,"anthropomorphic.refute",0,38341,6204
"P15","case-jonas-trommelfellriss","t1",2,"anthropomorphic","confirm","B","B",5,6,1,0,"anthropomorphic.confirm",0,9517,1887
"P15","case-lea-streptokokken","t1",3,"anthropomorphic","confirm","A","A",6,6,0,0,"anthropomorphic.confirm",0,16959,3452
"P15","case-nina-bindehaut","t1",4,"anthropomorphic","refute","B","A",6,5,-1,1,"anthropomorphic.refute",0,14535,2953
"P15","case-anna-erkaeltung","t2",1,"machine","confirm","B","B",6,6,0,0,"machine.confirm",0,6430,13684
"P15","case-sophie-lungenentzuendung","t2",2,"machine","refute","A","C",6,5,-1,1,"machine.refute",0,5933,2418
"P15","case-martin-bronchitis","t2",3,"machine","refute","A","C",6,5,-1,1,"machine.refute",0,3896,2222
"P15","case-helga-alterswarzen","t2",4,"machine","confirm","B","B",5,5,0,0,"machine.confirm",0,5079,1849
"P16","case-markus-bandscheibe","t1",1,"machine","refute","A","A",7,6,-1,0,"machine.refute",0,1793.5,1914.5
"P16","case-daniel-belastungsreaktion","t1",2,"machine","confirm","A","A",6,7,1,0,"machine.confirm",0,10896,1724
"P16","case-paul-ekzem","t1",3,"machine","confirm","A","A",6,7,1,0,"machine.confirm",0,3091,1912
"P16","case-anna-erkaeltung","t1",4,"machine","refute","A","A",6,6,0,0,"machine.refute",0,4762,3117
"P16","case-lea-streptokokken","t2",1,"anthropomorphic","confirm","A","A",6,7,1,0,"anthropomorphic.confirm",0,4476,1524
"P16","case-jonas-trommelfellriss","t2",2,"anthropomorphic","refute","B","A",4,5,1,1,"anthropomorphic.refute",0,10137,4297
"P16","case-sophie-lungenentzuendung","t2",3,"anthropomorphic","confirm","A","A",7,7,0,0,"anthropomorphic.confirm",0,2588,1518
"P16","case-tim-karies","t2",4,"anthropomorphic","refute","B","B",6,5,-1,0,"anthropomorphic.refute",0,3582,3041
"P17","case-paul-ekzem","t1",1,"anthropomorphic","confirm","B","B",5,5,0,0,"anthropomorphic.confirm",0,5912,4000
"P17","case-tomas-blase","t1",2,"anthropomorphic","refute","B","A",2,5,3,1,"anthropomorphic.refute",0,3927,2220
"P17","case-helga-alterswarzen","t1",3,"anthropomorphic","refute","A","A",5,5,0,0,"anthropomorphic.refute",0,7657,4091
"P17","case-martin-bronchitis","t1",4,"anthropomorphic","confirm","C","C",5,5,0,0,"anthropomorphic.confirm",0,4598,2315
"P17","case-nina-bindehaut","t2",1,"machine","confirm","C","A",5,4,-1,1,"machine.confirm",0,11036,8046
"P17","case-sophie-lungenentzuendung","t2",2,"machine","refute","A","C",6,5,-1,1,"machine.refute",0,13882,1703
"P17","case-tim-karies","t2",3,"machine","confirm","B","B",7,7,0,0,"machine.confirm",0,4940,1762
"P17","case-jonas-trommelfellriss","t2",4,"machine","refute","C","C",5,6,1,0,"machine.refute",0,4693,1871
"P18","case-daniel-belastungsreaktion","t1",1,"machine","confirm","B","B",2,3,1,0,"machine.confirm",0,3589,1946
"P18","case-jonas-trommelfellriss","t1",2,"machine","refute","B","B",2,2,0,0,"machine.refute",0,3960,24719
"P18","case-helga-alterswarzen","t1",3,"machine","refute","A","C",2,2,0,1,"machine.refute",0,10845,1547
"P18","case-paul-ekzem","t1",4,"machine","confirm","C","C",2,3,1,0,"machine.confirm",0,3577,1281
"P18","case-anna-erkaeltung","t2",1,"anthropomorphic","refute","B","B",2,2,0,0,"anthropomorphic.refute",0,2859,2018
"P18","case-martin-bronchitis","t2",2,"anthropomorphic","confirm","A","A",3,2,-1,0,"anthropomorphic.confirm",0,3300,1819
"P18","case-markus-bandscheibe","t2",3,"anthropomorphic","confirm","A","A",2,2,0,0,"anthropomorphic.confirm",0,2423,1509
"P18","case-tomas-blase","t2",4,"anthropomorphic","refute","A","B",3,2,-1,1,"anthropomorphic.refute",0,2898,1463
"P19","case-paul-ekzem","t1",1,"anthropomorphic","refute","B","A",3,3,0,1,"anthropomorphic.refute",0,24150,2709
"P19","case-sophie-lungenentzuendung","t1",2,"anthropomorphic","confirm","A","A",7,7,0,0,"anthropomorphic.confirm",0,12476,1550
"P19","case-nina-bindehaut","t1",3,"anthropomorphic","confirm","A","A",4,5,1,0,"anthropomorphic.confirm",0,10111,4744
"P19","case-martin-bronchitis","t1",4,"anthropomorphic","refute","A","A",7,6,-1,0,"anthropomorphic.refute",0,2823,5543
"P19","case-daniel-belastungsreaktion","t2",1,"machine","confirm","B","B",4,5,1,0,"machine.confirm",0,5860,2816
"P19","case-jonas-trommelfellriss","t2",2,"machine","refute","B","B",6,3,-3,0,"machine.refute",0,2688,9059
"P19","case-helga-alterswarzen","t2",3,"machine","refute","B","B",4,2,-2,0,"machine.refute",0,2567,10660
"P19","case-tim-karies","t2",4,"machine","confirm","B","B",5,6,1,0,"machine.confirm",0,4694,2234
"P21","case-lea-streptokokken","t1",1,"anthropomorphic","refute","C","C",6,5,-1,0,"anthropomorphic.refute",0,5093,3623
"P21","case-tomas-blase","t1",2,"anthropomorphic","confirm","A","A",6,7,1,0,"anthropomorphic.confirm",0,1928,3441
"P21","case-markus-bandscheibe","t1",3,"anthropomorphic","confirm","A","A",6,7,1,0,"anthropomorphic.confirm",0,4852,1546
"P21","case-paul-ekzem","t1",4,"anthropomorphic","refute","A","B",5,6,1,1,"anthropomorphic.refute",0,8402,1531
"P21","case-tim-karies","t2",1,"machine","refute","C","B",6,6,0,1,"machine.refute",0,10798,7275
"P21","case-daniel-belastungsreaktion","t2",2,"machine","confirm","B","B",6,7,1,0,"machine.confirm",0,7285,2046
"P21","case-helga-alterswarzen","t2",3,"machine","confirm","B","B",6,7,1,0,"machine.confirm",0,5759,1208
"P21","case-nina-bindehaut","t2",4,"machine","refute","A","A",7,6,-1,0,"machine.refute",0,7114,4792
"P22","case-paul-ekzem","t1",1,"machine","refute","A","B",7,7,0,1,"machine.refute",0,7192,1314
"P22","case-tomas-blase","t1",2,"machine","refute","A","B",7,7,0,1,"machine.refute",0,3847,1752
"P22","case-nina-bindehaut","t1",3,"machine","confirm","A","A",7,7,0,0,"machine.confirm",0,3331,1816
"P22","case-anna-erkaeltung","t1",4,"machine","confirm","A","A",4,7,3,0,"machine.confirm",1,7408,1170
"P22","case-tim-karies","t2",1,"anthropomorphic","refute","A","A",7,7,0,0,"anthropomorphic.refute",0,3268,2714
"P22","case-markus-bandscheibe","t2",2,"anthropomorphic","confirm","A","A",7,7,0,0,"anthropomorphic.confirm",0,1524.5,1267
"P22","case-sophie-lungenentzuendung","t2",3,"anthropomorphic","confirm","A","A",7,7,0,0,"anthropomorphic.confirm",0,4626,1184
"P22","case-martin-bronchitis","t2",4,"anthropomorphic","refute","A","B",7,2,-5,1,"anthropomorphic.refute",0,2846,2531
"P23","case-daniel-belastungsreaktion","t1",1,"anthropomorphic","refute","A","A",6,5,-1,0,"anthropomorphic.refute",0,7292,8264
"P23","case-sophie-lungenentzuendung","t1",2,"anthropomorphic","confirm","C","C",6,5,-1,0,"anthropomorphic.confirm",0,6319,2484
"P23","case-helga-alterswarzen","t1",3,"anthropomorphic","confirm","B","B",6,5,-1,0,"anthropomorphic.confirm",0,7792,1953
"P23","case-paul-ekzem","t1",4,"anthropomorphic","refute","C","C",6,6,0,0,"anthropomorphic.refute",0,9394,1361
"P23","case-martin-bronchitis","t2",1,"machine","refute","A","A",6,6,0,0,"machine.refute",0,4692,1535
"P23","case-tomas-blase","t2",2,"machine","refute","B","B",6,6,0,0,"machine.refute",0,5928,1499
"P23","case-nina-bindehaut","t2",3,"machine","confirm","A","A",4,4,0,0,"machine.confirm",0,15794,1810
"P23","case-anna-erkaeltung","t2",4,"machine","confirm","A","A",5,6,1,0,"machine.confirm",0,6752,9569
"P24","case-anna-erkaeltung","t1",1,"machine","refute","B","B",5,5,0,0,"machine.refute",0,2618,3708
"P24","case-nina-bindehaut","t1",2,"machine","refute","A","B",3,4,1,1,"machine.refute",0,9694,3338
"P24","case-daniel-belastungsreaktion","t1",3,"machine","confirm","B","B",5,6,1,0,"machine.confirm",0,3788,1890
"P24","case-jonas-trommelfellriss","t1",4,"machine","confirm","B","B",4,5,1,0,"machine.confirm",0,3188,1656
"P24","case-markus-bandscheibe","t2",1,"anthropomorphic","refute","C","C",4,4,0,0,"anthropomorphic.refute",0,5375,5691
"P24","case-tim-karies","t2",2,"anthropomorphic","confirm","C","C",5,6,1,0,"anthropomorphic.confirm",0,3140,1619
"P24","case-lea-streptokokken","t2",3,"anthropomorphic","refute","A","A",4,4,0,0,"anthropomorphic.refute",0,10426,1473
"P24","case-helga-alterswarzen","t2",4,"anthropomorphic","confirm","C","C",5,6,1,0,"anthropomorphic.confirm",0,4276,1988
"P25","case-nina-bindehaut","t1",1,"machine","refute","A","A",4,3,-1,0,"machine.refute",0,9531,1403
"P25","case-paul-ekzem","t1",2,"machine","confirm","B","B",2,4,2,0,"machine.confirm",0,9591,1602
"P25","case-daniel-belastungsreaktion","t1",3,"machine","refute","B","A",5,4,-1,1,"machine.refute",0,6433,2269
"P25","case-sophie-lungenentzuendung","t1",4,"machine","confirm","C","C",4,5,1,0,"machine.confirm",0,3741,2085
"P25","case-anna-erkaeltung","t2",1,"anthropomorphic","confirm","C","C",3,4,1,0,"anthropomorphic.confirm",0,4052,2019
"P25","case-tim-karies","t2",2,"anthropomorphic","refute","C","C",3,2,-1,0,"anthropomorphic.refute",0,4104,4156
"P25","case-markus-bandscheibe","t2",3,"anthropomorphic","confirm","A","A",1,3,2,0,"anthropomorphic.confirm",0,6216,1165
"P25","case-helga-alterswarzen","t2",4,"anthropomorphic","refute","C","C",2,3,1,0,"anthropomorphic.refute",0,4432,2387
"P26","case-markus-bandscheibe","t1",1,"anthropomorphic","confirm","A","A",5,6,1,0,"anthropomorphic.confirm",0,16800,3455
"P26","case-tim-karies","t1",2,"anthropomorphic","confirm","B","B",5,7,2,0,"anthropomorphic.confirm",0,5927,1566
"P26","case-helga-alterswarzen","t1",3,"anthropomorphic","refute","C","C",3,3,0,0,"anthropomorphic.refute",0,15820,8885
"P26","case-daniel-belastungsreaktion","t1",4,"anthropomorphic","refute","B","B",5,5,0,0,"anthropomorphic.refute",0,11151,3022
"P26","case-tomas-blase","t2",1,"machine","confirm","A","A",5,5,0,0,"machine.confirm",0,18706,4572
"P26","case-martin-bronchitis","t2",2,"machine","confirm","A","A",6,6,0,0,"machine.confirm",0,5393,3055
"P26","case-sophie-lungenentzuendung","t2",3,"machine","refute","C","C",5,5,0,0,"machine.refute",0,4130,2883
"P26","case-paul-ekzem","t2",4,"machine","refute","B","A",4,3,-1,1,"machine.refute",0,12498,6575
"P27","case-nina-bindehaut","t1",1,"anthropomorphic","refute","A","B",6,3,-3,1,"anthropomorphic.refute",0,3782,6917
"P27","case-lea-streptokokken","t1",2,"anthropomorphic","refute","B","A",2,5,3,1,"anthropomorphic.refute",0,4620,2234
"P27","case-tomas-blase","t1",3,"anthropomorphic","confirm","B","B",5,7,2,0,"anthropomorphic.confirm",0,3512,1752
"P27","case-paul-ekzem","t1",4,"anthropomorphic","confirm","A","A",4,6,2,0,"anthropomorphic.confirm",0,3046,1174
"P27","case-anna-erkaeltung","t2",1,"machine","confirm","B","B",3,5,2,0,"machine.confirm",0,4279,1653
"P27","case-helga-alterswarzen","t2",2,"machine","refute","B","A",5,3,-2,1,"machine.refute",0,2499,2934
"P27","case-daniel-belastungsreaktion","t2",3,"machine","refute","A","A",5,3,-2,0,"machine.refute",0,6917,2070
"P27","case-sophie-lungenentzuendung","t2",4,"machine","confirm","B","B",3,5,2,0,"machine.confirm",0,3422,6343
"P28","case-jonas-trommelfellriss","t1",1,"anthropomorphic","confirm","C","C",5,6,1,0,"anthropomorphic.confirm",0,11113,2660
"P28","case-sophie-lungenentzuendung","t1",2,"anthropomorphic","refute","A","C",5,6,1,1,"anthropomorphic.refute",0,5587,1749
"P28","case-anna-erkaeltung","t1",3,"anthropomorphic","confirm","B","B",4,6,2,0,"anthropomorphic.confirm",0,4204,3444
"P28","case-nina-bindehaut","t1",4,"anthropomorphic","refute","A","C",4,5,1,1,"anthropomorphic.refute",0,7177,4477
"P28","case-tomas-blase","t2",1,"machine","confirm","A","A",5,5,0,0,"machine.confirm",0,3917,1517
"P28","case-paul-ekzem","t2",2,"machine","confirm","A","A",5,6,1,0,"machine.confirm",0,5785,1835
"P28","case-tim-karies","t2",3,"machine","refute","B","C",4,5,1,1,"machine.refute",0,6731,2246
"P28","case-markus-bandscheibe","t2",4,"machine","refute","B","A",4,4,0,1,"machine.refute",0,3088,4223
"P29","case-paul-ekzem","t1",1,"anthropomorphic","confirm","B","B",4,7,3,0,"anthropomorphic.confirm",0,1150,2457
"P29","case-tomas-blase","t1",2,"anthropomorphic","refute","B","B",7,6,-1,0,"anthropomorphic.refute",0,2036,4852
"P29","case-daniel-belastungsreaktion","t1",3,"anthropomorphic","confirm","A","A",7,7,0,0,"anthropomorphic.confirm",0,4406.5,4211
"P29","case-tim-karies","t1",4,"anthropomorphic","refute","B","B",4,4,0,0,"anthropomorphic.refute",0,11549,3932
"P29","case-nina-bindehaut","t2",1,"machine","confirm","A","A",6,6,0,0,"machine.confirm",0,5343.33333333333,2000.66666666667
"P29","case-lea-streptokokken","t2",2,"machine","refute","A","A",6,6,0,0,"machine.refute",0,32027.5,1953
"P29","case-sophie-lungenentzuendung","t2",3,"machine","confirm","C","C",5,6,1,0,"machine.confirm",0,1374,2144
"P29","case-anna-erkaeltung","t2",4,"machine","refute","A","B",5,5,0,1,"machine.refute",0,5748,5947
"P31","case-paul-ekzem","t1",1,"machine","confirm","A","A",5,6,1,0,"machine.confirm",0,28296,2735
"P31","case-tomas-blase","t1",2,"machine","refute","B","B",6,5,-1,0,"machine.refute",0,5338,6334
"P31","case-sophie-lungenentzuendung","t1",3,"machine","confirm","A","A",3,4,1,0,"machine.confirm",0,7476,4541
"P31","case-jonas-trommelfellriss","t1",4,"machine","refute","C","C",2,2,0,0,"machine.refute",0,12775,3949
"P31","case-markus-bandscheibe","t2",1,"anthropomorphic","confirm","B","B",3,4,1,0,"anthropomorphic.confirm",0,14229,8448
"P31","case-daniel-belastungsreaktion","t2",2,"anthropomorphic","refute","A","A",4,3,-1,0,"anthropomorphic.refute",0,9232,11524
"P31","case-anna-erkaeltung","t2",3,"anthropomorphic","refute","B","B",5,4,-1,0,"anthropomorphic.refute",0,4379,3619
"P31","case-martin-bronchitis","t2",4,"anthropomorphic","confirm","A","A",5,6,1,0,"anthropomorphic.confirm",0,8600,1699
"P32","case-sophie-lungenentzuendung","t1",1,"anthropomorphic","confirm","A","A",5,5,0,0,"anthropomorphic.confirm",0,4280,1706
"P32","case-daniel-belastungsreaktion","t1",2,"anthropomorphic","refute","A","A",5,5,0,0,"anthropomorphic.refute",0,2853,14874
"P32","case-martin-bronchitis","t1",3,"anthropomorphic","refute","A","B",5,5,0,1,"anthropomorphic.refute",0,7297,2607
"P32","case-helga-alterswarzen","t1",4,"anthropomorphic","confirm","B","B",3,4,1,0,"anthropomorphic.confirm",0,12459,1135
"P32","case-paul-ekzem","t2",1,"machine","refute","A","A",5,5,0,0,"machine.refute",0,2366,3267
"P32","case-nina-bindehaut","t2",2,"machine","confirm","A","A",5,5,0,0,"machine.confirm",0,5327,2438
"P32","case-tim-karies","t2",3,"machine","refute","B","B",5,4,-1,0,"machine.refute",0,3320,1964
"P32","case-anna-erkaeltung","t2",4,"machine","confirm","B","B",5,5,0,0,"machine.confirm",0,2450,1382
"P33","case-tim-karies","t1",1,"machine","refute","C","C",5,4,-1,0,"machine.refute",0,4321,6490
"P33","case-helga-alterswarzen","t1",2,"machine","refute","C","C",5,3,-2,0,"machine.refute",0,13496,7790
"P33","case-jonas-trommelfellriss","t1",3,"machine","confirm","B","B",7,7,0,0,"machine.confirm",0,2023,1283
"P33","case-markus-bandscheibe","t1",4,"machine","confirm","A","A",6,7,1,0,"machine.confirm",0,2701,2049
"P33","case-martin-bronchitis","t2",1,"anthropomorphic","refute","A","C",5,4,-1,1,"anthropomorphic.refute",0,3866,7010
"P33","case-lea-streptokokken","t2",2,"anthropomorphic","confirm","C","C",5,5,0,0,"anthropomorphic.confirm",0,5237,1943
"P33","case-anna-erkaeltung","t2",3,"anthropomorphic","confirm","A","A",4,5,1,0,"anthropomorphic.confirm",0,7044,1808
"P33","case-daniel-belastungsreaktion","t2",4,"anthropomorphic","refute","B","B",6,7,1,0,"anthropomorphic.refute",0,2132,1586
"P34","case-anna-erkaeltung","t1",1,"machine","confirm","A","A",4,5,1,0,"machine.confirm",0,6279,3242
"P34","case-lea-streptokokken","t1",2,"machine","refute","A","B",4,4,0,1,"machine.refute",0,5436,5532
"P34","case-paul-ekzem","t1",3,"machine","refute","A","B",4,4,0,1,"machine.refute",0,5053,1546
"P34","case-tim-karies","t1",4,"machine","confirm","B","B",5,5,0,0,"machine.confirm",0,4790,1658
"P34","case-martin-bronchitis","t2",1,"anthropomorphic","refute","A","C",4,4,0,1,"anthropomorphic.refute",0,5537,2487
"P34","case-tomas-blase","t2",2,"anthropomorphic","confirm","B","B",4,5,1,0,"anthropomorphic.confirm",0,7862,1709
"P34","case-helga-alterswarzen","t2",3,"anthropomorphic","confirm","C","C",3,3,0,0,"anthropomorphic.confirm",0,13714,1918
"P34","case-markus-bandscheibe","t2",4,"anthropomorphic","refute","A","B",3,3,0,1,"anthropomorphic.refute",0,2920,2516
"P35","case-anna-erkaeltung","t1",1,"anthropomorphic","confirm","B","B",5,6,1,0,"anthropomorphic.confirm",0,13799,2267
"P35","case-tomas-blase","t1",2,"anthropomorphic","refute","B","B",7,7,0,0,"anthropomorphic.refute",0,5326,6048
"P35","case-tim-karies","t1",3,"anthropomorphic","refute","A","C",5,5,0,1,"anthropomorphic.refute",0,10417,2132
"P35","case-sophie-lungenentzuendung","t1",4,"anthropomorphic","confirm","C","C",3,4,1,0,"anthropomorphic.confirm",0,20740,3631
"P35","case-nina-bindehaut","t2",1,"machine","confirm","A","A",5,5,0,0,"machine.confirm",0,4562,2461
"P35","case-paul-ekzem","t2",2,"machine","refute","A","A",5,6,1,0,"machine.refute",0,3629,37050
"P35","case-martin-bronchitis","t2",3,"machine","refute","A","A",6,5,-1,0,"machine.refute",0,2844,26181
"P35","case-helga-alterswarzen","t2",4,"machine","confirm","B","B",5,6,1,0,"machine.confirm",0,3199,1484
"P36","case-martin-bronchitis","t1",1,"machine","refute","A","A",4,3,-1,0,"machine.refute",0,13947,12737
"P36","case-helga-alterswarzen","t1",2,"machine","confirm","A","A",5,6,1,0,"machine.confirm",0,4869,2177
"P36","case-jonas-trommelfellriss","t1",3,"machine","refute","B","B",4,2,-2,0,"machine.refute",0,6404,4985
"P36","case-lea-streptokokken","t1",4,"machine","confirm","C","C",3,4,1,0,"machine.confirm",0,6770,2328
"P36","case-markus-bandscheibe","t2",1,"anthropomorphic","refute","B","B",4,1,-3,0,"anthropomorphic.refute",0,3827,27826
"P36","case-nina-bindehaut","t2",2,"anthropomorphic","confirm","A","A",2,5,3,0,"anthropomorphic.confirm",0,11173,3426
"P36","case-anna-erkaeltung","t2",3,"anthropomorphic","confirm","A","A",5,5,0,0,"anthropomorphic.confirm",0,7301,2707
"P36","case-paul-ekzem","t2",4,"anthropomorphic","refute","A","A",5,4,-1,0,"anthropomorphic.refute",0,6889,1789
"P37","case-tomas-blase","t1",1,"machine","confirm","B","B",3,7,4,0,"machine.confirm",0,3386,2152
"P37","case-markus-bandscheibe","t1",2,"machine","refute","A","C",5,3,-2,1,"machine.refute",0,3933,5485
"P37","case-sophie-lungenentzuendung","t1",3,"machine","refute","A","C",4,7,3,1,"machine.refute",0,3820,2234
"P37","case-martin-bronchitis","t1",4,"machine","confirm","A","A",3,7,4,0,"machine.confirm",0,6569,1402
"P37","case-daniel-belastungsreaktion","t2",1,"anthropomorphic","confirm","B","B",3,7,4,0,"anthropomorphic.confirm",0,4687,1536
"P37","case-anna-erkaeltung","t2",2,"anthropomorphic","refute","B","C",4,7,3,1,"anthropomorphic.refute",0,3199,4684
"P37","case-nina-bindehaut","t2",3,"anthropomorphic","refute","A","C",5,7,2,1,"anthropomorphic.refute",0,9152,10019
"P37","case-paul-ekzem","t2",4,"anthropomorphic","confirm","A","A",4,7,3,0,"anthropomorphic.confirm",0,6332,1767
"P38","case-lea-streptokokken","t1",1,"anthropomorphic","confirm","B","B",1,7,6,0,"anthropomorphic.confirm",0,10737,2100
"P38","case-jonas-trommelfellriss","t1",2,"anthropomorphic","refute","B","C",3,7,4,1,"anthropomorphic.refute",0,3968,1451
"P38","case-markus-bandscheibe","t1",3,"anthropomorphic","refute","A","C",2,7,5,1,"anthropomorphic.refute",0,5085,1668
"P38","case-sophie-lungenentzuendung","t1",4,"anthropomorphic","confirm","C","C",2,7,5,0,"anthropomorphic.confirm",0,3637,1847
"P38","case-tomas-blase","t2",1,"machine","refute","A","C",1,7,6,1,"machine.refute",0,8784,2083
"P38","case-daniel-belastungsreaktion","t2",2,"machine","confirm","B","B",1,7,6,0,"machine.confirm",0,8969,2217
"P38","case-nina-bindehaut","t2",3,"machine","confirm","A","A",2,7,5,0,"machine.confirm",0,7170,1270
"P38","case-anna-erkaeltung","t2",4,"machine","refute","C","B",1,7,6,1,"machine.refute",0,8554,1918
"P39","case-sophie-lungenentzuendung","t1",1,"machine","refute","B","A",2,2,0,1,"machine.refute",0,7762,5709
"P39","case-anna-erkaeltung","t1",2,"machine","confirm","C","C",3,3,0,0,"machine.confirm",0,2601,2289
"P39","case-markus-bandscheibe","t1",3,"machine","confirm","A","A",4,6,2,0,"machine.confirm",0,6039,2120
"P39","case-tim-karies","t1",4,"machine","refute","C","A",1,7,6,1,"machine.refute",0,2629,3770
"P39","case-lea-streptokokken","t2",1,"anthropomorphic","confirm","A","A",1,4,3,0,"anthropomorphic.confirm",0,3381,1618
"P39","case-tomas-blase","t2",2,"anthropomorphic","refute","C","B",2,5,3,1,"anthropomorphic.refute",0,15828,3542
"P39","case-helga-alterswarzen","t2",3,"anthropomorphic","confirm","B","B",1,1,0,0,"anthropomorphic.confirm",0,3928,1766
"P39","case-daniel-belastungsreaktion","t2",4,"anthropomorphic","refute","A","B",1,3,2,1,"anthropomorphic.refute",0,2931,6356
"P40","case-daniel-belastungsreaktion","t1",1,"machine","confirm","A","A",6,6,0,0,"machine.confirm",0,5560,2581
"P40","case-paul-ekzem","t1",2,"machine","refute","A","A",5,4,-1,0,"machine.refute",0,5762,4715
"P40","case-helga-alterswarzen","t1",3,"machine","confirm","A","A",3,3,0,0,"machine.confirm",0,6525,1300
"P40","case-martin-bronchitis","t1",4,"machine","refute","A","A",4,4,0,0,"machine.refute",0,4770,1067
"P40","case-lea-streptokokken","t2",1,"anthropomorphic","refute","A","C",1,1,0,1,"anthropomorphic.refute",0,6355,4924
"P40","case-sophie-lungenentzuendung","t2",2,"anthropomorphic","refute","C","A",1,1,0,1,"anthropomorphic.refute",0,2764,7397
"P40","case-nina-bindehaut","t2",3,"anthropomorphic","confirm","C","C",2,2,0,0,"anthropomorphic.confirm",0,3486,1888
"P40","case-anna-erkaeltung","t2",4,"anthropomorphic","confirm","A","A",2,2,0,0,"anthropomorphic.confirm",0,2911,1354
"P41","case-daniel-belastungsreaktion","t1",1,"machine","refute","A","A",5,5,0,0,"machine.refute",0,2718,2049
"P41","case-markus-bandscheibe","t1",2,"machine","confirm","A","A",7,7,0,0,"machine.confirm",0,2549,2052
"P41","case-paul-ekzem","t1",3,"machine","refute","C","B",5,4,-1,1,"machine.refute",0,3586,2015
"P41","case-martin-bronchitis","t1",4,"machine","confirm","A","A",4,7,3,0,"machine.confirm",0,2151,2601
"P41","case-helga-alterswarzen","t2",1,"anthropomorphic","refute","B","B",4,4,0,0,"anthropomorphic.refute",0,2985,2018
"P41","case-tomas-blase","t2",2,"anthropomorphic","confirm","A","A",7,7,0,0,"anthropomorphic.confirm",0,2550,1785
"P41","case-sophie-lungenentzuendung","t2",3,"anthropomorphic","refute","A","C",7,5,-2,1,"anthropomorphic.refute",0,2082,2085
"P41","case-jonas-trommelfellriss","t2",4,"anthropomorphic","confirm","B","B",7,7,0,0,"anthropomorphic.confirm",0,1571,1434
"P42","case-helga-alterswarzen","t1",1,"anthropomorphic","refute","B","B",6,6,0,0,"anthropomorphic.refute",0,2150,2316
"P42","case-jonas-trommelfellriss","t1",2,"anthropomorphic","confirm","A","A",6,7,1,0,"anthropomorphic.confirm",0,2016,1832
"P42","case-paul-ekzem","t1",3,"anthropomorphic","confirm","B","B",5,6,1,0,"anthropomorphic.confirm",0,4611,1617
"P42","case-lea-streptokokken","t1",4,"anthropomorphic","refute","A","A",5,5,0,0,"anthropomorphic.refute",0,3680,4462
"P42","case-sophie-lungenentzuendung","t2",1,"machine","confirm","A","A",6,6,0,0,"machine.confirm",0,4394,2400
"P42","case-tim-karies","t2",2,"machine","confirm","B","B",5,6,1,0,"machine.confirm",0,7207,1962
"P42","case-anna-erkaeltung","t2",3,"machine","refute","B","B",7,7,0,0,"machine.refute",0,1734,1834
"P42","case-nina-bindehaut","t2",4,"machine","refute","A","C",5,5,0,1,"machine.refute",0,14063,7839
"P43","case-anna-erkaeltung","t1",1,"machine","confirm","B","B",4,6,2,0,"machine.confirm",0,24111,2667
"P43","case-tomas-blase","t1",2,"machine","confirm","B","B",3,4,1,0,"machine.confirm",0,11336,2208
"P43","case-lea-streptokokken","t1",3,"machine","refute","A","A",4,4,0,0,"machine.refute",0,3965,1684
"P43","case-helga-alterswarzen","t1",4,"machine","refute","A","A",4,3,-1,0,"machine.refute",0,4119,4024
"P43","case-markus-bandscheibe","t2",1,"anthropomorphic","confirm","A","A",3,4,1,0,"anthropomorphic.confirm",0,4556,1940
"P43","case-tim-karies","t2",2,"anthropomorphic","confirm","B","B",4,5,1,0,"anthropomorphic.confirm",0,2954,1458
"P43","case-daniel-belastungsreaktion","t2",3,"anthropomorphic","refute","B","B",5,4,-1,0,"anthropomorphic.refute",0,3687,1275
"P43","case-nina-bindehaut","t2",4,"anthropomorphic","refute","A","A",3,3,0,0,"anthropomorphic.refute",0,5092,5219
"P44","case-jonas-trommelfellriss","t1",1,"anthropomorphic","refute","C","B",5,4,-1,1,"anthropomorphic.refute",0,8416,5883
"P44","case-nina-bindehaut","t1",2,"anthropomorphic","confirm","A","A",7,7,0,0,"anthropomorphic.confirm",0,6394,3034
"P44","case-helga-alterswarzen","t1",3,"anthropomorphic","confirm","B","B",6,6,0,0,"anthropomorphic.confirm",0,11499,1691
"P44","case-tim-karies","t1",4,"anthropomorphic","refute","B","B",7,7,0,0,"anthropomorphic.refute",0,16001,2323
"P44","case-tomas-blase","t2",1,"machine","refute","B","B",6,6,0,0,"machine.refute",0,6333,5536
"P44","case-anna-erkaeltung","t2",2,"machine","refute","B","B",6,7,1,0,"machine.refute",0,3546,3581
"P44","case-sophie-lungenentzuendung","t2",3,"machine","confirm","B","B",5,5,0,0,"machine.confirm",0,5668,2470
"P44","case-martin-bronchitis","t2",4,"machine","confirm","A","A",4,4,0,0,"machine.confirm",0,5884,1247
"P45","case-helga-alterswarzen","t1",1,"machine","confirm","B","B",1,3,2,0,"machine.confirm",0,4937,2121
"P45","case-tim-karies","t1",2,"machine","refute","C","C",1,2,1,0,"machine.refute",0,4162,2736
"P45","case-jonas-trommelfellriss","t1",3,"machine","confirm","C","C",5,6,1,0,"machine.confirm",0,6129,1786
"P45","case-lea-streptokokken","t1",4,"machine","refute","A","A",1,1,0,0,"machine.refute",0,6506,1575
"P45","case-anna-erkaeltung","t2",1,"anthropomorphic","refute","A","A",2,1,-1,0,"anthropomorphic.refute",0,6456,3054
"P45","case-daniel-belastungsreaktion","t2",2,"anthropomorphic","confirm","B","B",4,4,0,0,"anthropomorphic.confirm",0,5778,1425
"P45","case-nina-bindehaut","t2",3,"anthropomorphic","confirm","A","A",1,1,0,0,"anthropomorphic.confirm",0,11671,14749
"P45","case-tomas-blase","t2",4,"anthropomorphic","refute","A","A",1,1,0,0,"anthropomorphic.refute",0,3075,1274
"P46","case-tomas-blase","t1",1,"machine","refute","B","C",4,7,3,1,"machine.refute",0,5410,4054
"P46","case-jonas-trommelfellriss","t1",2,"machine","confirm","B","B",5,7,2,0,"machine.confirm",0,8242,1998
"P46","case-sophie-lungenentzuendung","t1",3,"machine","confirm","C","B",6,5,-1,1,"machine.confirm",0,15144,4604
"P46","case-daniel-belastungsreaktion","t1",4,"machine","refute","B","B",5,5,0,0,"machine.refute",0,3389,2290
"P46","case-tim-karies","t2",1,"anthropomorphic","refute","C","B",6,7,1,1,"anthropomorphic.refute",0,3207,3400
"P46","case-nina-bindehaut","t2",2,"anthropomorphic","confirm","A","A",5,7,2,0,"anthropomorphic.confirm",0,6184,1621
"P46","case-paul-ekzem","t2",3,"anthropomorphic","refute","B","B",3,3,0,0,"anthropomorphic.refute",0,3284,2476
"P46","case-markus-bandscheibe","t2",4,"anthropomorphic","confirm","B","B",3,7,4,0,"anthropomorphic.confirm",0,4098,1534
"P47","case-tomas-blase","t1",1,"machine","confirm","A","A",7,7,0,0,"machine.confirm",0,2847.66666666667,1422.33333333333
"P47","case-jonas-trommelfellriss","t1",2,"machine","refute","C","B",7,5,-2,1,"machine.refute",0,2170,2336
"P47","case-tim-karies","t1",3,"machine","confirm","B","B",6,6,0,0,"machine.confirm",0,3867,1469
"P47","case-helga-alterswarzen","t1",4,"machine","refute","A","A",7,6,-1,0,"machine.refute",0,3094,2315
"P47","case-martin-bronchitis","t2",1,"anthropomorphic","confirm","A","A",7,7,0,0,"anthropomorphic.confirm",0,3140,3045
"P47","case-lea-streptokokken","t2",2,"anthropomorphic","refute","C","C",7,7,0,0,"anthropomorphic.refute",0,4159,2381
"P47","case-markus-bandscheibe","t2",3,"anthropomorphic","confirm","A","A",7,7,0,0,"anthropomorphic.confirm",0,3226,1470
"P47","case-nina-bindehaut","t2",4,"anthropomorphic","refute","A","A",7,7,0,0,"anthropomorphic.refute",0,5089,1633
"P48","case-lea-streptokokken","t1",1,"anthropomorphic","confirm","A","A",3,3,0,0,"anthropomorphic.confirm",0,5410,3909
"P48","case-tim-karies","t1",2,"anthropomorphic","refute","C","A",4,3,-1,1,"anthropomorphic.refute",0,2681,1469
"P48","case-martin-bronchitis","t1",3,"anthropomorphic","refute","B","C",2,3,1,1,"anthropomorphic.refute",0,3331,2964
"P48","case-paul-ekzem","t1",4,"anthropomorphic","confirm","A","A",4,4,0,0,"anthropomorphic.confirm",1,2028,1919
"P48","case-tomas-blase","t2",1,"machine","refute","A","B",5,6,1,1,"machine.refute",0,1594,2750
"P48","case-sophie-lungenentzuendung","t2",2,"machine","confirm","C","C",6,6,0,0,"machine.confirm",0,2364,1868
"P48","case-daniel-belastungsreaktion","t2",3,"machine","refute","A","B",5,4,-1,1,"machine.refute",0,4179,10500
"P48","case-anna-erkaeltung","t2",4,"machine","confirm","C","B",3,6,3,1,"machine.confirm",0,3513,5232
"P49","case-nina-bindehaut","t1",1,"anthropomorphic","refute","A","A",3,3,0,0,"anthropomorphic.refute",0,2817,4368
"P49","case-paul-ekzem","t1",2,"anthropomorphic","confirm","C","C",1,2,1,0,"anthropomorphic.confirm",0,3451,2135
"P49","case-helga-alterswarzen","t1",3,"anthropomorphic","refute","B","C",2,3,1,1,"anthropomorphic.refute",0,3104,3052
"P49","case-lea-streptokokken","t1",4,"anthropomorphic","confirm","A","A",5,6,1,0,"anthropomorphic.confirm",0,3188,1785
"P49","case-markus-bandscheibe","t2",1,"machine","confirm","B","B",3,4,1,0,"machine.confirm",0,3833,2783
"P49","case-sophie-lungenentzuendung","t2",2,"machine","confirm","A","A",6,6,0,0,"machine.confirm",0,3036,1818
"P49","case-jonas-trommelfellriss","t2",3,"machine","refute","B","C",3,2,-1,1,"machine.refute",0,2634,1416
"P49","case-daniel-belastungsreaktion","t2",4,"machine","refute","A","A",4,2,-2,0,"machine.refute",0,2502,6868
"P50","case-nina-bindehaut","t1",1,"machine","refute","A","B",3,4,1,1,"machine.refute",0,7892,1374
"P50","case-helga-alterswarzen","t1",2,"machine","confirm","A","A",3,4,1,0,"machine.confirm",0,21288,1836
"P50","case-markus-bandscheibe","t1",3,"machine","refute","B","C",1,3,2,1,"machine.refute",0,12959,2426
"P50","case-tomas-blase","t1",4,"machine","confirm","B","B",3,4,1,0,"machine.confirm",0,5352,1635
"P50","case-tim-karies","t2",1,"anthropomorphic","confirm","B","B",1,2,1,0,"anthropomorphic.confirm",0,4150,1542
"P50","case-sophie-lungenentzuendung","t2",2,"anthropomorphic","refute","A","B",2,2,0,1,"anthropomorphic.refute",0,3675,2291
"P50","case-anna-erkaeltung","t2",3,"anthropomorphic","confirm","B","B",2,3,1,0,"anthropomorphic.confirm",0,2773,1705
"P50","case-daniel-belastungsreaktion","t2",4,"anthropomorphic","refute","A","C",2,1,-1,1,"anthropomorphic.refute",0,4667,5817
"P51","case-lea-streptokokken","t1",1,"anthropomorphic","refute","A","A",5,6,1,0,"anthropomorphic.refute",0,12233,3018
"P51","case-helga-alterswarzen","t1",2,"anthropomorphic","confirm","C","C",5,6,1,0,"anthropomorphic.confirm",0,13701,2832
"P51","case-daniel-belastungsreaktion","t1",3,"anthropomorphic","refute","A","A",6,6,0,0,"anthropomorphic.refute",0,10167,21198
"P51","case-paul-ekzem","t1",4,"anthropomorphic","confirm","B","B",2,5,3,0,"anthropomorphic.confirm",0,16016,1865
"P51","case-jonas-trommelfellriss","t2",1,"machine","confirm","B","B",6,6,0,0,"machine.confirm",0,2774.5,4566
"P51","case-anna-erkaeltung","t2",2,"machine","confirm","B","B",5,5,0,0,"machine.confirm",0,2119,1204
"P51","case-markus-bandscheibe","t2",3,"machine","refute","A","A",6,6,0,0,"machine.refute",0,3817,2084
"P51","case-nina-bindehaut","t2",4,"machine","refute","A","A",6,6,0,0,"machine.refute",0,4632,2018
"P52","case-daniel-belastungsreaktion","t1",1,"anthropomorphic","refute","B","B",5,5,0,0,"anthropomorphic.refute",0,22070,23580
"P52","case-markus-bandscheibe","t1",2,"anthropomorphic","confirm","A","A",3,4,1,0,"anthropomorphic.confirm",0,20905,3658
"P52","case-helga-alterswarzen","t1",3,"anthropomorphic","confirm","A","A",4,4,0,0,"anthropomorphic.confirm",0,18008,2547
"P52","case-jonas-trommelfellriss","t1",4,"anthropomorphic","refute","C","C",4,4,0,0,"anthropomorphic.refute",0,15567,4220
"P52","case-nina-bindehaut","t2",1,"machine","refute","B","B",3,2,-1,0,"machine.refute",0,28984,6895
"P52","case-martin-bronchitis","t2",2,"machine","confirm","A","A",6,6,0,0,"machine.confirm",0,15743,3289
"P52","case-anna-erkaeltung","t2",3,"machine","refute","A","C",5,3,-2,1,"machine.refute",0,18526,46284
"P52","case-sophie-lungenentzuendung","t2",4,"machine","confirm","A","A",4,4,0,0,"machine.confirm",0,13263,2989
"P53","case-helga-alterswarzen","t1",1,"anthropomorphic","refute","A","A",4,4,0,0,"anthropomorphic.refute",0,4652,2201
"P53","case-martin-bronchitis","t1",2,"anthropomorphic","refute","A","A",5,5,0,0,"anthropomorphic.refute",0,4858,1792
"P53","case-tomas-blase","t1",3,"anthropomorphic","confirm","A","A",5,5,0,0,"anthropomorphic.confirm",0,12394,1510
"P53","case-tim-karies","t1",4,"anthropomorphic","confirm","C","C",4,4,0,0,"anthropomorphic.confirm",0,5099,1702
"P53","case-paul-ekzem","t2",1,"machine","refute","A","A",4,4,0,0,"machine.refute",0,7976,2184
"P53","case-anna-erkaeltung","t2",2,"machine","confirm","B","B",7,7,0,0,"machine.confirm",0,2781,2084
"P53","case-jonas-trommelfellriss","t2",3,"machine","confirm","A","A",3,3,0,0,"machine.confirm",0,8266,1999
"P53","case-daniel-belastungsreaktion","t2",4,"machine","refute","B","B",3,5,2,0,"machine.refute",0,11675,3557
"P54","case-jonas-trommelfellriss","t1",1,"anthropomorphic","confirm","C","C",2,4,2,0,"anthropomorphic.confirm",0,6125,2552
"P54","case-helga-alterswarzen","t1",2,"anthropomorphic","confirm","A","A",3,5,2,0,"anthropomorphic.confirm",0,4395,1741
"P54","case-tim-karies","t1",3,"anthropomorphic","refute","A","C",3,2,-1,1,"anthropomorphic.refute",0,8232,2608
"P54","case-tomas-blase","t1",4,"anthropomorphic","refute","B","C",1,1,0,1,"anthropomorphic.refute",0,4173,1452
"P54","case-sophie-lungenentzuendung","t2",1,"machine","refute","A","B",1,1,0,1,"machine.refute",0,9711,2789
"P54","case-martin-bronchitis","t2",2,"machine","confirm","B","B",2,4,2,0,"machine.confirm",0,3257,2116
"P54","case-nina-bindehaut","t2",3,"machine","confirm","A","A",1,3,2,0,"machine.confirm",0,5539,1360
"P54","case-markus-bandscheibe","t2",4,"machine","refute","A","B",2,1,-1,1,"machine.refute",0,3993,2584
"P55","case-anna-erkaeltung","t1",1,"machine","refute","A","A",7,7,0,0,"machine.refute",0,7828,11208
"P55","case-tim-karies","t1",2,"machine","refute","C","B",5,5,0,1,"machine.refute",0,5008,1727
"P55","case-paul-ekzem","t1",3,"machine","confirm","B","B",7,7,0,0,"machine.confirm",0,12033,1883
"P55","case-lea-streptokokken","t1",4,"machine","confirm","A","A",7,7,0,0,"machine.confirm",0,6239,1499
"P55","case-markus-bandscheibe","t2",1,"anthropomorphic","confirm","A","A",7,7,0,0,"anthropomorphic.confirm",0,4546,1254
"P55","case-jonas-trommelfellriss","t2",2,"anthropomorphic","refute","B","C",7,6,-1,1,"anthropomorphic.refute",0,4450,3107
"P55","case-daniel-belastungsreaktion","t2",3,"anthropomorphic","confirm","B","B",7,7,0,0,"anthropomorphic.confirm",0,10571,2334
"P55","case-nina-bindehaut","t2",4,"anthropomorphic","refute","A","C",4,5,1,1,"anthropomorphic.refute",0,13529,3358
"P56","case-nina-bindehaut","t1",1,"anthropomorphic","refute","A","A",5,5,0,0,"anthropomorphic.refute",0,9624,4242
"P56","case-tomas-blase","t1",2,"anthropomorphic","confirm","A","A",5,7,2,0,"anthropomorphic.confirm",0,26162,1554
"P56","case-helga-alterswarzen","t1",3,"anthropomorphic","confirm","A","A",3,5,2,0,"anthropomorphic.confirm",0,5126,3715
"P56","case-lea-streptokokken","t1",4,"anthropomorphic","refute","A","C",3,2,-1,1,"anthropomorphic.refute",0,23925,4235
"P56","case-paul-ekzem","t2",1,"machine","refute","A","A",2,3,1,0,"machine.refute",0,4867,18742
"P56","case-daniel-belastungsreaktion","t2",2,"machine","refute","B","B",7,7,0,0,"machine.refute",0,5234,1464
"P56","case-markus-bandscheibe","t2",3,"machine","confirm","A","A",3,5,2,0,"machine.confirm",0,3561,1825
"P56","case-martin-bronchitis","t2",4,"machine","confirm","A","A",1,2,1,0,"machine.confirm",0,22047,1410
"P57","case-daniel-belastungsreaktion","t1",1,"machine","refute","A","A",6,5,-1,0,"machine.refute",0,5735,3453
"P57","case-anna-erkaeltung","t1",2,"machine","confirm","A","A",6,6,0,0,"machine.confirm",0,8248,1069
"P57","case-lea-streptokokken","t1",3,"machine","confirm","C","C",6,6,0,0,"machine.confirm",0,3984,1588
"P57","case-jonas-trommelfellriss","t1",4,"machine","refute","B","A",5,4,-1,1,"machine.refute",0,15535,5471
"P57","case-markus-bandscheibe","t2",1,"anthropomorphic","confirm","A","A",4,4,0,0,"anthropomorphic.confirm",0,10743,1402
"P57","case-nina-bindehaut","t2",2,"anthropomorphic","refute","A","A",6,5,-1,0,"anthropomorphic.refute",0,6602,3571
"P57","case-sophie-lungenentzuendung","t2",3,"anthropomorphic","confirm","A","A",5,5,0,0,"anthropomorphic.confirm",0,3515,1520
"P57","case-tim-karies","t2",4,"anthropomorphic","refute","C","C",5,5,0,0,"anthropomorphic.refute",0,4021,2504
"P58","case-daniel-belastungsreaktion","t1",1,"machine","confirm","A","A",5,6,1,0,"machine.confirm",0,5860,1836
"P58","case-anna-erkaeltung","t1",2,"machine","refute","B","A",5,4,-1,1,"machine.refute",0,3218,2210
"P58","case-paul-ekzem","t1",3,"machine","confirm","A","A",2,4,2,0,"machine.confirm",0,9035,3059
"P58","case-sophie-lungenentzuendung","t1",4,"machine","refute","A","B",5,3,-2,1,"machine.refute",0,2648,2105
"P58","case-markus-bandscheibe","t2",1,"anthropomorphic","confirm","A","A",2,4,2,0,"anthropomorphic.confirm",0,7714,1640
"P58","case-jonas-trommelfellriss","t2",2,"anthropomorphic","confirm","A","A",3,5,2,0,"anthropomorphic.confirm",0,10864,1934
"P58","case-tomas-blase","t2",3,"anthropomorphic","refute","A","A",4,2,-2,0,"anthropomorphic.refute",0,1644,7943
"P58","case-tim-karies","t2",4,"anthropomorphic","refute","A","C",3,3,0,1,"anthropomorphic.refute",0,7282,2329
"P59","case-nina-bindehaut","t1",1,"machine","refute","A","B",3,5,2,1,"machine.refute",0,20415,3757
"P59","case-lea-streptokokken","t1",2,"machine","confirm","C","C",2,3,1,0,"machine.confirm",0,13721,3236
"P59","case-helga-alterswarzen","t1",3,"machine","refute","A","B",3,1,-2,1,"machine.refute",0,23163,7538
"P59","case-tomas-blase","t1",4,"machine","confirm","B","B",6,7,1,0,"machine.confirm",0,5915,2687
"P59","case-paul-ekzem","t2",1,"anthropomorphic","confirm","A","A",2,4,2,0,"anthropomorphic.confirm",0,8496,3294
"P59","case-tim-karies","t2",2,"anthropomorphic","refute","A","C",3,4,1,1,"anthropomorphic.refute",0,9804,8700
"P59","case-markus-bandscheibe","t2",3,"anthropomorphic","confirm","B","B",2,5,3,0,"anthropomorphic.confirm",0,15226,1289
"P59","case-daniel-belastungsreaktion","t2",4,"anthropomorphic","refute","A","C",3,2,-1,1,"anthropomorphic.refute",0,14641,4766
"P60","case-nina-bindehaut","t1",1,"machine","refute","B","A",4,6,2,1,"machine.refute",0,15024,4352
"P60","case-anna-erkaeltung","t1",2,"machine","confirm","A","A",3,5,2,0,"machine.confirm",0,4613,1870
"P60","case-tomas-blase","t1",3,"machine","confirm","A","A",5,6,1,0,"machine.confirm",0,4788,1559
"P60","case-martin-bronchitis","t1",4,"machine","refute","C","A",5,7,2,1,"machine.refute",0,4227,2185
"P60","case-sophie-lungenentzuendung","t2",1,"anthropomorphic","confirm","B","B",3,4,1,0,"anthropomorphic.confirm",0,6920,2223
"P60","case-helga-alterswarzen","t2",2,"anthropomorphic","refute","A","C",5,4,-1,1,"anthropomorphic.refute",0,4846,2967
"P60","case-tim-karies","t2",3,"anthropomorphic","confirm","C","C",6,6,0,0,"anthropomorphic.confirm",0,2957,1716
"P60","case-daniel-belastungsreaktion","t2",4,"anthropomorphic","refute","A","C",5,4,-1,1,"anthropomorphic.refute",0,4112,2367
"P61","case-nina-bindehaut","t1",1,"machine","refute","A","A",5,4,-1,0,"machine.refute",0,57316,7445
"P61","case-martin-bronchitis","t1",2,"machine","refute","A","A",6,5,-1,0,"machine.refute",0,15027,9124
"P61","case-sophie-lungenentzuendung","t1",3,"machine","confirm","C","C",7,7,0,0,"machine.confirm",0,4702,3586
"P61","case-paul-ekzem","t1",4,"machine","confirm","A","A",5,5,0,0,"machine.confirm",0,15349,3469
"P61","case-markus-bandscheibe","t2",1,"anthropomorphic","confirm","A","A",4,5,1,0,"anthropomorphic.confirm",0,9567,3245
"P61","case-lea-streptokokken","t2",2,"anthropomorphic","refute","A","A",4,3,-1,0,"anthropomorphic.refute",0,11132,5958
"P61","case-jonas-trommelfellriss","t2",3,"anthropomorphic","refute","B","A",3,2,-1,1,"anthropomorphic.refute",0,31156,22140
"P61","case-anna-erkaeltung","t2",4,"anthropomorphic","confirm","B","B",4,5,1,0,"anthropomorphic.confirm",0,11290,2654
"P62","case-helga-alterswarzen","t1",1,"anthropomorphic","refute","A","C",5,5,0,1,"anthropomorphic.refute",0,22278,3967
"P62","case-daniel-belastungsreaktion","t1",2,"anthropomorphic","confirm","A","A",6,7,1,0,"anthropomorphic.confirm",0,12620,2434
"P62","case-anna-erkaeltung","t1",3,"anthropomorphic","confirm","B","B",6,7,1,0,"anthropomorphic.confirm",0,6180,8382
"P62","case-nina-bindehaut","t1",4,"anthropomorphic","refute","A","A",6,6,0,0,"anthropomorphic.refute",0,15248,2252
"P62","case-jonas-trommelfellriss","t2",1,"machine","confirm","B","B",4,5,1,0,"machine.confirm",0,11846,2358
"P62","case-tomas-blase","t2",2,"machine","confirm","B","B",7,7,0,0,"machine.confirm",0,3314,2490
"P62","case-martin-bronchitis","t2",3,"machine","refute","A","A",5,4,-1,0,"machine.refute",0,18638,8034
"P62","case-sophie-lungenentzuendung","t2",4,"machine","refute","A","A",6,6,0,0,"machine.refute",0,3001,1454
"P63","case-daniel-belastungsreaktion","t1",1,"anthropomorphic","confirm","A","A",5,6,1,0,"anthropomorphic.confirm",0,6461,1917
"P63","case-lea-streptokokken","t1",2,"anthropomorphic","refute","A","A",4,4,0,0,"anthropomorphic.refute",0,8183,5402
"P63","case-tim-karies","t1",3,"anthropomorphic","confirm","B","B",5,6,1,0,"anthropomorphic.confirm",0,4016,2284
"P63","case-paul-ekzem","t1",4,"anthropomorphic","refute","A","A",5,4,-1,0,"anthropomorphic.refute",0,7654,7070
"P63","case-nina-bindehaut","t2",1,"machine","refute","A","A",4,4,0,0,"machine.refute",0,9814,7585
"P63","case-anna-erkaeltung","t2",2,"machine","refute","A","A",4,4,0,0,"machine.refute",0,8388,1604
"P63","case-martin-bronchitis","t2",3,"machine","confirm","A","A",5,7,2,0,"machine.confirm",0,3114,1189
"P63","case-tomas-blase","t2",4,"machine","confirm","B","B",5,7,2,0,"machine.confirm",0,5398,1966
"P64","case-nina-bindehaut","t1",1,"machine","confirm","A","A",5,6,1,0,"machine.confirm",0,12078,2426
"P64","case-markus-bandscheibe","t1",2,"machine","confirm","A","A",4,6,2,0,"machine.confirm",0,5025,2569
"P64","case-jonas-trommelfellriss","t1",3,"machine","refute","B","A",3,5,2,1,"machine.refute",0,13864,2603
"P64","case-tomas-blase","t1",4,"machine","refute","B","A",5,6,1,1,"machine.refute",0,9907,1627
"P64","case-daniel-belastungsreaktion","t2",1,"anthropomorphic","confirm","C","C",4,6,2,0,"anthropomorphic.confirm",0,10792,2932
"P64","case-lea-streptokokken","t2",2,"anthropomorphic","confirm","A","A",4,6,2,0,"anthropomorphic.confirm",0,8997,2000
"P64","case-helga-alterswarzen","t2",3,"anthropomorphic","refute","A","C",5,4,-1,1,"anthropomorphic.refute",0,8295,2418
"P64","case-martin-bronchitis","t2",4,"anthropomorphic","refute","B","A",4,6,2,1,"anthropomorphic.refute",0,16892,2043
"P65","case-lea-streptokokken","t1",1,"anthropomorphic","confirm","A","A",6,6,0,0,"anthropomorphic.confirm",0,19664,1582
"P65","case-tomas-blase","t1",2,"anthropomorphic","confirm","A","A",6,6,0,0,"anthropomorphic.confirm",0,4526,1536
"P65","case-martin-bronchitis","t1",3,"anthropomorphic","refute","A","A",5,4,-1,0,"anthropomorphic.refute",0,12459,17170
"P65","case-nina-bindehaut","t1",4,"anthropomorphic","refute","A","B",4,4,0,1,"anthropomorphic.refute",0,41329,2525
"P65","case-anna-erkaeltung","t2",1,"machine","confirm","B","B",5,6,1,0,"machine.confirm",0,16468,3015
"P65","case-helga-alterswarzen","t2",2,"machine","confirm","A","A",4,5,1,0,"machine.confirm",0,14789,3918
"P65","case-markus-bandscheibe","t2",3,"machine","refute","A","A",6,4,-2,0,"machine.refute",0,2798,8050
"P65","case-sophie-lungenentzuendung","t2",4,"machine","refute","A","A",4,4,0,0,"machine.refute",0,6799,3740
"P66","case-anna-erkaeltung","t1",1,"machine","confirm","B","B",7,7,0,0,"machine.confirm",0,2520,3668
"P66","case-nina-bindehaut","t1",2,"machine","refute","B","B",7,7,0,0,"machine.refute",0,3350,2184
"P66","case-jonas-trommelfellriss","t1",3,"machine","refute","B","B",7,5,-2,0,"machine.refute",0,1450,2725
"P66","case-lea-streptokokken","t1",4,"machine","confirm","C","C",7,7,0,0,"machine.confirm",0,2538,5518
"P66","case-sophie-lungenentzuendung","t2",1,"anthropomorphic","refute","A","A",7,5,-2,0,"anthropomorphic.refute",0,2617,5123
"P66","case-markus-bandscheibe","t2",2,"anthropomorphic","refute","A","A",6,6,0,0,"anthropomorphic.refute",0,4703,4161
"P66","case-tomas-blase","t2",3,"anthropomorphic","confirm","B","B",6,7,1,0,"anthropomorphic.confirm",0,4494,1775
"P66","case-tim-karies","t2",4,"anthropomorphic","confirm","B","B",7,7,0,0,"anthropomorphic.confirm",0,3352,1137
"P68","case-jonas-trommelfellriss","t1",1,"anthropomorphic","refute","C","C",3,4,1,0,"anthropomorphic.refute",0,9236,10095
"P68","case-martin-bronchitis","t1",2,"anthropomorphic","refute","A","A",3,4,1,0,"anthropomorphic.refute",0,6357,2355
"P68","case-nina-bindehaut","t1",3,"anthropomorphic","confirm","A","A",5,5,0,0,"anthropomorphic.confirm",0,11000,1506
"P68","case-daniel-belastungsreaktion","t1",4,"anthropomorphic","confirm","B","B",7,7,0,0,"anthropomorphic.confirm",0,4526,1832
"P68","case-paul-ekzem","t2",1,"machine","refute","B","B",2,2,0,0,"machine.refute",0,3805,6526
"P68","case-markus-bandscheibe","t2",2,"machine","confirm","B","B",4,4,0,0,"machine.confirm",0,9872,1449
"P68","case-sophie-lungenentzuendung","t2",3,"machine","refute","C","C",5,3,-2,0,"machine.refute",0,5369,3132
"P68","case-anna-erkaeltung","t2",4,"machine","confirm","B","B",5,5,0,0,"machine.confirm",0,2715,2161
"P69","case-daniel-belastungsreaktion","t1",1,"anthropomorphic","confirm","C","C",5,7,2,0,"anthropomorphic.confirm",0,3063,3652
"P69","case-tim-karies","t1",2,"anthropomorphic","confirm","B","B",6,7,1,0,"anthropomorphic.confirm",0,15680,1797
"P69","case-jonas-trommelfellriss","t1",3,"anthropomorphic","refute","B","B",7,6,-1,0,"anthropomorphic.refute",0,5431,17023
"P69","case-markus-bandscheibe","t1",4,"anthropomorphic","refute","B","B",6,6,0,0,"anthropomorphic.refute",0,9593,2478
"P69","case-nina-bindehaut","t2",1,"machine","refute","A","A",3,3,0,0,"machine.refute",0,15133,8117
"P69","case-lea-streptokokken","t2",2,"machine","refute","A","A",3,4,1,0,"machine.refute",0,6852,2102
"P69","case-tomas-blase","t2",3,"machine","confirm","B","B",5,6,1,0,"machine.confirm",0,12223,3078
"P69","case-paul-ekzem","t2",4,"machine","confirm","A","A",4,6,2,0,"machine.confirm",0,13441,2476
"P71","case-jonas-trommelfellriss","t1",1,"anthropomorphic","refute","B","B",5,7,2,0,"anthropomorphic.refute",0,2432,3550
"P71","case-markus-bandscheibe","t1",2,"anthropomorphic","confirm","A","A",6,6,0,0,"anthropomorphic.confirm",0,2398,2486
"P71","case-nina-bindehaut","t1",3,"anthropomorphic","confirm","A","B",4,5,1,1,"anthropomorphic.confirm",0,3139,2640
"P71","case-anna-erkaeltung","t1",4,"anthropomorphic","refute","B","B",6,7,1,0,"anthropomorphic.refute",0,2138,1549
"P71","case-lea-streptokokken","t2",1,"machine","confirm","A","A",6,7,1,0,"machine.confirm",0,3068,2404
"P71","case-helga-alterswarzen","t2",2,"machine","refute","A","C",4,2,-2,1,"machine.refute",0,2404,4684
"P71","case-tim-karies","t2",3,"machine","refute","B","B",4,6,2,0,"machine.refute",0,3202,2236
"P71","case-sophie-lungenentzuendung","t2",4,"machine","confirm","A","A",5,5,0,0,"machine.confirm",0,2321,2369
"P72","case-tomas-blase","t1",1,"machine","refute","A","B",5,4,-1,1,"machine.refute",1,8003,50038
"P72","case-sophie-lungenentzuendung","t1",2,"machine","confirm","A","A",5,6,1,0,"machine.confirm",0,3777,2367
"P72","case-tim-karies","t1",3,"machine","confirm","C","C",4,5,1,0,"machine.confirm",0,11020,2209
"P72","case-martin-bronchitis","t1",4,"machine","refute","A","A",4,4,0,0,"machine.refute",1,3522,1796
"P72","case-lea-streptokokken","t2",1,"anthropomorphic","refute","A","A",4,4,0,0,"anthropomorphic.refute",1,21552,3255
"P72","case-anna-erkaeltung","t2",2,"anthropomorphic","confirm","B","B",5,6,1,0,"anthropomorphic.confirm",0,5754,2099
"P72","case-jonas-trommelfellriss","t2",3,"anthropomorphic","refute","A","A",4,3,-1,0,"anthropomorphic.refute",1,32642,2669
"P72","case-paul-ekzem","t2",4,"anthropomorphic","confirm","A","A",5,6,1,0,"anthropomorphic.confirm",0,5546,2719
"P73","case-markus-bandscheibe","t1",1,"machine","confirm","A","A",4,4,0,0,"machine.confirm",0,4518,2840
"P73","case-martin-bronchitis","t1",2,"machine","refute","A","A",6,6,0,0,"machine.refute",0,3619,2550
"P73","case-daniel-belastungsreaktion","t1",3,"machine","confirm","B","B",5,5,0,0,"machine.confirm",0,7233,1608
"P73","case-jonas-trommelfellriss","t1",4,"machine","refute","B","B",4,4,0,0,"machine.refute",0,3959,8186
"P73","case-paul-ekzem","t2",1,"anthropomorphic","refute","A","A",4,4,0,0,"anthropomorphic.refute",0,6641,3124
"P73","case-sophie-lungenentzuendung","t2",2,"anthropomorphic","refute","A","C",3,3,0,1,"anthropomorphic.refute",0,4143,4504
"P73","case-helga-alterswarzen","t2",3,"anthropomorphic","confirm","A","A",1,1,0,0,"anthropomorphic.confirm",0,12463,1495
"P73","case-anna-erkaeltung","t2",4,"anthropomorphic","confirm","B","B",5,5,0,0,"anthropomorphic.confirm",0,2746,1518
"P74","case-martin-bronchitis","t1",1,"anthropomorphic","confirm","C","C",5,6,1,0,"anthropomorphic.confirm",0,8991,5495
"P74","case-tim-karies","t1",2,"anthropomorphic","confirm","C","C",6,7,1,0,"anthropomorphic.confirm",0,3514,2098
"P74","case-tomas-blase","t1",3,"anthropomorphic","refute","B","C",3,2,-1,1,"anthropomorphic.refute",0,28526,9573
"P74","case-markus-bandscheibe","t1",4,"anthropomorphic","refute","A","A",5,5,0,0,"anthropomorphic.refute",0,1651,2015
"P74","case-jonas-trommelfellriss","t2",1,"machine","refute","B","A",3,2,-1,1,"machine.refute",0,25460,1615
"P74","case-lea-streptokokken","t2",2,"machine","refute","B","C",2,2,0,1,"machine.refute",0,6626,1450
"P74","case-helga-alterswarzen","t2",3,"machine","confirm","B","B",7,7,0,0,"machine.confirm",0,1468,1369
"P74","case-nina-bindehaut","t2",4,"machine","confirm","A","A",2,5,3,0,"machine.confirm",0,8259,2419
"P75","case-helga-alterswarzen","t1",1,"anthropomorphic","refute","A","A",5,5,0,0,"anthropomorphic.refute",0,8468,4551
"P75","case-jonas-trommelfellriss","t1",2,"anthropomorphic","confirm","C","C",5,5,0,0,"anthropomorphic.confirm",0,7950,1701
"P75","case-nina-bindehaut","t1",3,"anthropomorphic","confirm","A","A",6,6,0,0,"anthropomorphic.confirm",0,5685,2303
"P75","case-tomas-blase","t1",4,"anthropomorphic","refute","B","B",6,6,0,0,"anthropomorphic.refute",0,3901,2466
"P75","case-daniel-belastungsreaktion","t2",1,"machine","refute","A","A",6,5,-1,0,"machine.refute",0,5485,3053
"P75","case-lea-streptokokken","t2",2,"machine","refute","A","A",4,5,1,0,"machine.refute",0,5286,7400
"P75","case-tim-karies","t2",3,"machine","confirm","C","C",6,7,1,0,"machine.confirm",0,11852,2919
"P75","case-martin-bronchitis","t2",4,"machine","confirm","A","A",6,7,1,0,"machine.confirm",0,3288,1798
"P76","case-paul-ekzem","t1",1,"anthropomorphic","confirm","A","A",4,6,2,0,"anthropomorphic.confirm",0,6581,2118
"P76","case-anna-erkaeltung","t1",2,"anthropomorphic","confirm","A","A",5,5,0,0,"anthropomorphic.confirm",0,3889,1532
"P76","case-sophie-lungenentzuendung","t1",3,"anthropomorphic","refute","A","C",6,4,-2,1,"anthropomorphic.refute",0,2016,2181
"P76","case-martin-bronchitis","t1",4,"anthropomorphic","refute","A","A",5,5,0,0,"anthropomorphic.refute",0,2073,1183
"P76","case-nina-bindehaut","t2",1,"machine","refute","C","C",4,3,-1,0,"machine.refute",0,3029,3771
"P76","case-tomas-blase","t2",2,"machine","confirm","B","B",7,4,-3,0,"machine.confirm",0,5076,1086
"P76","case-tim-karies","t2",3,"machine","confirm","C","C",5,5,0,0,"machine.confirm",0,2616,1624
"P76","case-helga-alterswarzen","t2",4,"machine","refute","A","C",4,4,0,1,"machine.refute",0,3390,2582
"P77","case-nina-bindehaut","t1",1,"machine","refute","A","A",4,4,0,0,"machine.refute",0,70007,101727
"P77","case-paul-ekzem","t1",2,"machine","confirm","A","A",5,6,1,0,"machine.confirm",0,1371,1194
"P77","case-jonas-trommelfellriss","t1",3,"machine","refute","A","A",5,4,-1,0,"machine.refute",0,5461,171808
"P77","case-anna-erkaeltung","t1",4,"machine","confirm","B","B",5,6,1,0,"machine.confirm",0,3451,1286
"P77","case-markus-bandscheibe","t2",1,"anthropomorphic","refute","A","A",5,5,0,0,"anthropomorphic.refute",0,2191,114855
"P77","case-sophie-lungenentzuendung","t2",2,"anthropomorphic","confirm","A","A",4,5,1,0,"anthropomorphic.confirm",0,1571,1649
"P77","case-daniel-belastungsreaktion","t2",3,"anthropomorphic","refute","C","C",5,5,0,0,"anthropomorphic.refute",0,2141,2116
"P77","case-tomas-blase","t2",4,"anthropomorphic","confirm","B","B",6,6,0,0,"anthropomorphic.confirm",0,20891,1255
"P78","case-daniel-belastungsreaktion","t1",1,"machine","refute","A","A",3,3,0,0,"machine.refute",0,16954,2517
"P78","case-lea-streptokokken","t1",2,"machine","confirm","A","A",5,5,0,0,"machine.confirm",0,34259,2050
"P78","case-jonas-trommelfellriss","t1",3,"machine","confirm","B","B",5,6,1,0,"machine.confirm",0,24106,1382
"P78","case-martin-bronchitis","t1",4,"machine","refute","A","A",6,5,-1,0,"machine.refute",0,7956,3935
"P78","case-paul-ekzem","t2",1,"anthropomorphic","confirm","A","A",6,6,0,0,"anthropomorphic.confirm",0,4452,1968
"P78","case-nina-bindehaut","t2",2,"anthropomorphic","refute","A","A",5,5,0,0,"anthropomorphic.refute",0,5189,3733
"P78","case-helga-alterswarzen","t2",3,"anthropomorphic","refute","A","A",5,4,-1,0,"anthropomorphic.refute",0,6003,3469
"P78","case-anna-erkaeltung","t2",4,"anthropomorphic","confirm","B","B",6,6,0,0,"anthropomorphic.confirm",0,2670,1353
"P79","case-daniel-belastungsreaktion","t1",1,"anthropomorphic","refute","A","B",7,4,-3,1,"anthropomorphic.refute",0,4733,8249
"P79","case-helga-alterswarzen","t1",2,"anthropomorphic","confirm","A","A",5,6,1,0,"anthropomorphic.confirm",0,3816,2409
"P79","case-jonas-trommelfellriss","t1",3,"anthropomorphic","confirm","B","B",6,7,1,0,"anthropomorphic.confirm",0,3307,1886
"P79","case-nina-bindehaut","t1",4,"anthropomorphic","refute","A","B",4,4,0,1,"anthropomorphic.refute",0,12542,11993
"P79","case-anna-erkaeltung","t2",1,"machine","confirm","A","A",5,7,2,0,"machine.confirm",0,4245,2493
"P79","case-markus-bandscheibe","t2",2,"machine","refute","A","A",6,5,-1,0,"machine.refute",0,2179,2194
"P79","case-martin-bronchitis","t2",3,"machine","refute","A","B",5,4,-1,1,"machine.refute",0,7561,5869
"P79","case-sophie-lungenentzuendung","t2",4,"machine","confirm","A","A",4,7,3,0,"machine.confirm",0,6754,1867
"P80","case-markus-bandscheibe","t1",1,"machine","refute","C","B",2,4,2,1,"machine.refute",0,27210,2343
"P80","case-lea-streptokokken","t1",2,"machine","confirm","C","C",3,5,2,0,"machine.confirm",0,12468,3782
"P80","case-helga-alterswarzen","t1",3,"machine","confirm","C","C",3,4,1,0,"machine.confirm",0,6994,2067
"P80","case-jonas-trommelfellriss","t1",4,"machine","refute","C","B",1,4,3,1,"machine.refute",0,12746,3434
"P80","case-anna-erkaeltung","t2",1,"anthropomorphic","confirm","B","B",5,6,1,0,"anthropomorphic.confirm",0,7448,2178
"P80","case-sophie-lungenentzuendung","t2",2,"anthropomorphic","refute","C","C",4,4,0,0,"anthropomorphic.refute",0,7142,6988
"P80","case-tim-karies","t2",3,"anthropomorphic","confirm","A","A",4,5,1,0,"anthropomorphic.confirm",0,7425,1853
"P80","case-paul-ekzem","t2",4,"anthropomorphic","refute","A","B",3,3,0,1,"anthropomorphic.refute",0,6439,4895
"P81","case-helga-alterswarzen","t1",1,"anthropomorphic","confirm","C","C",3,7,4,0,"anthropomorphic.confirm",0,4609,1729
"P81","case-jonas-trommelfellriss","t1",2,"anthropomorphic","confirm","B","B",5,7,2,0,"anthropomorphic.confirm",0,3698,1286
"P81","case-anna-erkaeltung","t1",3,"anthropomorphic","refute","B","A",6,6,0,1,"anthropomorphic.refute",0,2455,1652
"P81","case-markus-bandscheibe","t1",4,"anthropomorphic","refute","A","C",5,7,2,1,"anthropomorphic.refute",0,13266,2131
"P81","case-martin-bronchitis","t2",1,"machine","confirm","A","A",6,7,1,0,"machine.confirm",0,3283,1387
"P81","case-tim-karies","t2",2,"machine","confirm","C","C",4,7,3,0,"machine.confirm",0,3365,1243
"P81","case-paul-ekzem","t2",3,"machine","refute","A","B",3,6,3,1,"machine.refute",0,3932,1160
"P81","case-sophie-lungenentzuendung","t2",4,"machine","refute","A","C",5,6,1,1,"machine.refute",0,2682,1503
"P82","case-tim-karies","t1",1,"machine","refute","C","C",5,6,1,0,"machine.refute",0,5478,2278
"P82","case-tomas-blase","t1",2,"machine","confirm","B","B",5,5,0,0,"machine.confirm",0,8949,4519
"P82","case-nina-bindehaut","t1",3,"machine","refute","A","A",4,5,1,0,"machine.refute",0,6918,7449
"P82","case-lea-streptokokken","t1",4,"machine","confirm","A","A",4,5,1,0,"machine.confirm",0,7110,2219
"P82","case-markus-bandscheibe","t2",1,"anthropomorphic","confirm","A","A",5,5,0,0,"anthropomorphic.confirm",0,4811,3251
"P82","case-sophie-lungenentzuendung","t2",2,"anthropomorphic","confirm","C","C",5,5,0,0,"anthropomorphic.confirm",0,3015,14744
"P82","case-martin-bronchitis","t2",3,"anthropomorphic","refute","C","C",4,4,0,0,"anthropomorphic.refute",0,7730,8985
"P82","case-helga-alterswarzen","t2",4,"anthropomorphic","refute","A","C",4,4,0,1,"anthropomorphic.refute",0,5712,2767
"P83","case-martin-bronchitis","t1",1,"anthropomorphic","refute","C","A",6,7,1,1,"anthropomorphic.refute",0,7240,1662
"P83","case-daniel-belastungsreaktion","t1",2,"anthropomorphic","confirm","A","A",7,7,0,0,"anthropomorphic.confirm",0,10513,4686
"P83","case-jonas-trommelfellriss","t1",3,"anthropomorphic","refute","B","A",7,7,0,1,"anthropomorphic.refute",0,14907,1674
"P83","case-lea-streptokokken","t1",4,"anthropomorphic","confirm","B","B",6,7,1,0,"anthropomorphic.confirm",0,10535,1956
"P83","case-markus-bandscheibe","t2",1,"machine","refute","A","C",6,7,1,1,"machine.refute",0,14794,6124
"P83","case-tim-karies","t2",2,"machine","confirm","A","A",3,7,4,0,"machine.confirm",0,8257,1920
"P83","case-nina-bindehaut","t2",3,"machine","confirm","B","B",2,7,5,0,"machine.confirm",0,5417,1854
"P83","case-tomas-blase","t2",4,"machine","refute","B","A",3,7,4,1,"machine.refute",0,10955,1757
"P84","case-markus-bandscheibe","t1",1,"machine","refute","A","A",4,4,0,0,"machine.refute",0,3265,3441
"P84","case-paul-ekzem","t1",2,"machine","refute","A","A",6,5,-1,0,"machine.refute",0,4098,1859
"P84","case-tim-karies","t1",3,"machine","confirm","C","C",2,2,0,0,"machine.confirm",0,7438,1931
"P84","case-nina-bindehaut","t1",4,"machine","confirm","A","A",2,2,0,0,"machine.confirm",0,10734,1472
"P84","case-jonas-trommelfellriss","t2",1,"anthropomorphic","refute","B","B",4,3,-1,0,"anthropomorphic.refute",0,2278,2462
"P84","case-sophie-lungenentzuendung","t2",2,"anthropomorphic","confirm","A","A",4,5,1,0,"anthropomorphic.confirm",0,4490,1424
"P84","case-tomas-blase","t2",3,"anthropomorphic","refute","A","A",3,2,-1,0,"anthropomorphic.refute",0,1479,3539
"P84","case-helga-alterswarzen","t2",4,"anthropomorphic","confirm","A","A",2,2,0,0,"anthropomorphic.confirm",0,3111,1304
"P85","case-tim-karies","t1",1,"machine","refute","C","B",4,4,0,1,"machine.refute",0,14049,3301
"P85","case-daniel-belastungsreaktion","t1",2,"machine","refute","A","A",5,5,0,0,"machine.refute",0,11110,1875
"P85","case-paul-ekzem","t1",3,"machine","confirm","B","B",3,3,0,0,"machine.confirm",0,7911,1580
"P85","case-jonas-trommelfellriss","t1",4,"machine","confirm","C","C",2,3,1,0,"machine.confirm",0,15549,1819
"P85","case-lea-streptokokken","t2",1,"anthropomorphic","confirm","A","A",4,4,0,0,"anthropomorphic.confirm",0,4075,1685
"P85","case-nina-bindehaut","t2",2,"anthropomorphic","refute","A","A",4,3,-1,0,"anthropomorphic.refute",0,4305,7185
"P85","case-anna-erkaeltung","t2",3,"anthropomorphic","refute","B","B",4,2,-2,0,"anthropomorphic.refute",0,2656,3811
"P85","case-martin-bronchitis","t2",4,"anthropomorphic","confirm","A","A",6,6,0,0,"anthropomorphic.confirm",0,2545,1395
